ticker,name,currency,price_date,last_price,price_gt_3,ytd_change_dollar,ytd_gain_dollar,ytd_loss_dollar,sma_200,above_sma_200,yield_pct,status
AMD,"Advanced Micro Devices, Inc.",USD,2026-10-09,611.0,True,396.8399963378906,396.8399963378906,0.0,385.3335503387451,True,0.0,OK
SOXX,iShares Semiconductor ETF,USD,2026-10-09,559.625,True,258.4750061035156,258.4750061035156,0.0,462.1915768432617,True,0.2237212419030601,OK
SMH,VanEck Semiconductor ETF,USD,2026-10-09,603.4000244140625,True,243.27001953125,243.27001953125,0.0,506.2369508361816,True,0.1831289286196203,OK
QQQ,Invesco QQQ Trust,USD,2026-10-09,750.489990234375,True,136.17999267578125,136.17999267578125,0.0,672.1746997070312,True,0.4118642540501697,OK
SPY,State Street SPDR S&P 500 ETF Trust,USD,2026-10-09,777.9600219726562,True,96.0400390625,96.0400390625,0.0,722.9253497314453,True,0.9747287502990131,OK
AAPL,Apple Inc.,USD,2026-10-09,335.1499938964844,True,63.290008544921875,63.290008544921875,0.0,290.73599960327147,True,0.3162762999564295,OK
META,"Meta Platforms, Inc.",USD,2026-10-09,719.0650024414062,True,58.9749755859375,58.9749755859375,0.0,630.1359222412109,True,0.2920459197527307,OK
XLK,State Street Technology Select Sector SPDR ETF,USD,2026-10-09,198.59500122070312,True,54.625,54.625,0.0,166.37747505187988,True,0.4209572219146313,OK
MSFT,Microsoft Corporation,USD,2026-10-09,534.0549926757812,True,50.43499755859375,50.43499755859375,0.0,433.99882400512695,True,0.6815777494677975,OK
NVDA,NVIDIA Corporation,USD,2026-10-09,229.54010009765625,True,43.04010009765625,43.04010009765625,0.0,202.15535049438478,True,0.22653993780553794,OK
GOOGL,Alphabet Inc.,USD,2026-10-09,351.5450134277344,True,38.545013427734375,38.545013427734375,0.0,340.02712448120116,True,0.24463439023486153,OK
DIA,State Street SPDR Dow Jones Industrial Average ETF Trust,USD,2026-10-09,515.7000122070312,True,35.1300048828125,35.1300048828125,0.0,503.50440002441405,True,1.401202216202212,OK
IWM,iShares Russell 2000 ETF,USD,2026-10-09,278.94500732421875,True,32.785003662109375,32.785003662109375,0.0,277.06357597351075,True,0.9783290355966378,OK
AMZN,"Amazon.com, Inc.",USD,2026-10-09,260.260009765625,True,29.44000244140625,29.44000244140625,0.0,242.1407000732422,True,0.0,OK
PLTR,Palantir Technologies Inc.,USD,2026-10-09,205.8800048828125,True,28.1300048828125,28.1300048828125,0.0,152.31532466888427,True,0.0,OK
ARKK,ARK Innovation ETF,USD,2026-10-09,89.72000122070312,True,12.800003051757812,12.800003051757812,0.0,78.0141000175476,True,0.0,OK
JPM,JPMorgan Chase & Co.,USD,2026-10-09,332.9949951171875,True,10.774993896484375,10.774993896484375,0.0,322.13622589111327,True,1.8468746047776767,OK
XLF,State Street Financial Select Sector SPDR ETF,USD,2026-10-09,54.68000030517578,True,-0.09000015258789062,0.0,0.09000015258789062,53.694050006866455,True,1.5106071605522913,OK
NFLX,"Netflix, Inc.",USD,2026-10-09,70.36000061035156,True,-23.400001525878906,0.0,23.400001525878906,83.45464984893799,False,0.0,OK
TSLA,"Tesla, Inc.",USD,2026-10-09,382.8500061035156,True,-66.8699951171875,0.0,66.8699951171875,390.6052992248535,False,0.0,OK
